t[s];T[K];P[Pa];Uliq[kmol];Uvap[kmol];x1;x2;x3;y1;y2;y3
      0.00;  0.330165E+03;  0.101325E+06;  0.500000E+01;  0.184563E-03;  0.200000E+00;  0.300000E+00;  0.500000E+00;  0.165335E+00;  0.344784E+00;  0.489881E+00
     10.00;  0.330848E+03;  0.103834E+06;  0.500000E+01;  0.188734E-03;  0.200000E+00;  0.300000E+00;  0.500000E+00;  0.165132E+00;  0.345771E+00;  0.489097E+00
     20.00;  0.331531E+03;  0.106397E+06;  0.499999E+01;  0.193004E-03;  0.200000E+00;  0.300000E+00;  0.500000E+00;  0.164929E+00;  0.346757E+00;  0.488314E+00
     30.00;  0.332214E+03;  0.109031E+06;  0.499999E+01;  0.197378E-03;  0.200000E+00;  0.300000E+00;  0.500000E+00;  0.164724E+00;  0.347740E+00;  0.487536E+00
     40.00;  0.332897E+03;  0.111732E+06;  0.499998E+01;  0.201850E-03;  0.200000E+00;  0.300000E+00;  0.500000E+00;  0.164520E+00;  0.348717E+00;  0.486763E+00
     50.00;  0.333579E+03;  0.114489E+06;  0.499998E+01;  0.206405E-03;  0.200000E+00;  0.300000E+00;  0.500000E+00;  0.164315E+00;  0.349690E+00;  0.485995E+00
     60.00;  0.334262E+03;  0.117293E+06;  0.499997E+01;  0.211029E-03;  0.200000E+00;  0.300000E+00;  0.500000E+00;  0.164110E+00;  0.350660E+00;  0.485230E+00
     70.00;  0.334945E+03;  0.120146E+06;  0.499997E+01;  0.215722E-03;  0.200000E+00;  0.300000E+00;  0.500000E+00;  0.163905E+00;  0.351628E+00;  0.484467E+00
     80.00;  0.335628E+03;  0.123057E+06;  0.499996E+01;  0.220500E-03;  0.200000E+00;  0.300000E+00;  0.500000E+00;  0.163699E+00;  0.352593E+00;  0.483708E+00
     90.00;  0.336310E+03;  0.126030E+06;  0.499996E+01;  0.225367E-03;  0.200000E+00;  0.300000E+00;  0.500000E+00;  0.163493E+00;  0.353554E+00;  0.482954E+00
    100.00;  0.336993E+03;  0.129060E+06;  0.499995E+01;  0.230318E-03;  0.200000E+00;  0.300000E+00;  0.500000E+00;  0.163287E+00;  0.354510E+00;  0.482204E+00
    110.00;  0.337676E+03;  0.132149E+06;  0.499995E+01;  0.235355E-03;  0.200000E+00;  0.299999E+00;  0.500000E+00;  0.163081E+00;  0.355462E+00;  0.481457E+00
    120.00;  0.338359E+03;  0.135300E+06;  0.499994E+01;  0.240479E-03;  0.200000E+00;  0.299999E+00;  0.500000E+00;  0.162874E+00;  0.356412E+00;  0.480714E+00
    130.00;  0.339041E+03;  0.138511E+06;  0.499994E+01;  0.245689E-03;  0.200000E+00;  0.299999E+00;  0.500000E+00;  0.162667E+00;  0.357358E+00;  0.479975E+00
    140.00;  0.339724E+03;  0.141782E+06;  0.499993E+01;  0.250984E-03;  0.200000E+00;  0.299999E+00;  0.500000E+00;  0.162460E+00;  0.358301E+00;  0.479239E+00
    150.00;  0.340407E+03;  0.145112E+06;  0.499993E+01;  0.256365E-03;  0.200001E+00;  0.299999E+00;  0.500000E+00;  0.162253E+00;  0.359240E+00;  0.478507E+00
    160.00;  0.341089E+03;  0.148502E+06;  0.499992E+01;  0.261832E-03;  0.200001E+00;  0.299999E+00;  0.500000E+00;  0.162046E+00;  0.360176E+00;  0.477778E+00
    170.00;  0.341772E+03;  0.151963E+06;  0.499992E+01;  0.267398E-03;  0.200001E+00;  0.299999E+00;  0.500000E+00;  0.161839E+00;  0.361108E+00;  0.477053E+00
    180.00;  0.342455E+03;  0.155490E+06;  0.499991E+01;  0.273056E-03;  0.200001E+00;  0.299999E+00;  0.500000E+00;  0.161631E+00;  0.362037E+00;  0.476332E+00
    190.00;  0.343138E+03;  0.159080E+06;  0.499991E+01;  0.278805E-03;  0.200001E+00;  0.299999E+00;  0.500000E+00;  0.161424E+00;  0.362963E+00;  0.475614E+00
    200.00;  0.343820E+03;  0.162735E+06;  0.499990E+01;  0.284644E-03;  0.200001E+00;  0.299999E+00;  0.500000E+00;  0.161216E+00;  0.363885E+00;  0.474899E+00
    210.00;  0.344503E+03;  0.166454E+06;  0.499989E+01;  0.290574E-03;  0.200001E+00;  0.299999E+00;  0.500000E+00;  0.161009E+00;  0.364803E+00;  0.474188E+00
    220.00;  0.345186E+03;  0.170227E+06;  0.499989E+01;  0.296586E-03;  0.200001E+00;  0.299999E+00;  0.500000E+00;  0.160801E+00;  0.365718E+00;  0.473482E+00
    230.00;  0.345868E+03;  0.174095E+06;  0.499988E+01;  0.302719E-03;  0.200001E+00;  0.299999E+00;  0.500000E+00;  0.160593E+00;  0.366631E+00;  0.472776E+00
    240.00;  0.346551E+03;  0.178029E+06;  0.499988E+01;  0.308944E-03;  0.200001E+00;  0.299999E+00;  0.500000E+00;  0.160385E+00;  0.367541E+00;  0.472074E+00
    250.00;  0.347234E+03;  0.182027E+06;  0.499987E+01;  0.315261E-03;  0.200001E+00;  0.299998E+00;  0.500001E+00;  0.160177E+00;  0.368447E+00;  0.471375E+00
    260.00;  0.347916E+03;  0.186093E+06;  0.499986E+01;  0.321671E-03;  0.200001E+00;  0.299998E+00;  0.500001E+00;  0.159970E+00;  0.369350E+00;  0.470680E+00
    270.00;  0.348599E+03;  0.190227E+06;  0.499986E+01;  0.328177E-03;  0.200001E+00;  0.299998E+00;  0.500001E+00;  0.159762E+00;  0.370250E+00;  0.469988E+00
    280.00;  0.349282E+03;  0.194445E+06;  0.499985E+01;  0.334799E-03;  0.200001E+00;  0.299998E+00;  0.500001E+00;  0.159554E+00;  0.371145E+00;  0.469301E+00
    290.00;  0.349964E+03;  0.198739E+06;  0.499984E+01;  0.341527E-03;  0.200001E+00;  0.299998E+00;  0.500001E+00;  0.159347E+00;  0.372036E+00;  0.468617E+00
    300.00;  0.350647E+03;  0.203112E+06;  0.499984E+01;  0.348362E-03;  0.200001E+00;  0.299998E+00;  0.500001E+00;  0.159140E+00;  0.372924E+00;  0.467936E+00
    310.00;  0.351330E+03;  0.207564E+06;  0.499983E+01;  0.355307E-03;  0.200001E+00;  0.299998E+00;  0.500001E+00;  0.158933E+00;  0.373807E+00;  0.467260E+00
    320.00;  0.352012E+03;  0.212099E+06;  0.499982E+01;  0.362363E-03;  0.200001E+00;  0.299998E+00;  0.500001E+00;  0.158726E+00;  0.374687E+00;  0.466586E+00
    330.00;  0.352695E+03;  0.216717E+06;  0.499982E+01;  0.369534E-03;  0.200001E+00;  0.299998E+00;  0.500001E+00;  0.158520E+00;  0.375563E+00;  0.465917E+00
    340.00;  0.353378E+03;  0.221407E+06;  0.499981E+01;  0.376802E-03;  0.200001E+00;  0.299998E+00;  0.500001E+00;  0.158314E+00;  0.376436E+00;  0.465250E+00
    350.00;  0.354060E+03;  0.226177E+06;  0.499980E+01;  0.384179E-03;  0.200002E+00;  0.299997E+00;  0.500001E+00;  0.158108E+00;  0.377306E+00;  0.464586E+00
    360.00;  0.354743E+03;  0.231030E+06;  0.499979E+01;  0.391666E-03;  0.200002E+00;  0.299997E+00;  0.500001E+00;  0.157902E+00;  0.378173E+00;  0.463925E+00
    370.00;  0.355426E+03;  0.235966E+06;  0.499979E+01;  0.399265E-03;  0.200002E+00;  0.299997E+00;  0.500001E+00;  0.157696E+00;  0.379036E+00;  0.463268E+00
    380.00;  0.356108E+03;  0.240986E+06;  0.499978E+01;  0.406976E-03;  0.200002E+00;  0.299997E+00;  0.500001E+00;  0.157490E+00;  0.379897E+00;  0.462613E+00
    390.00;  0.356791E+03;  0.246090E+06;  0.499977E+01;  0.414800E-03;  0.200002E+00;  0.299997E+00;  0.500001E+00;  0.157285E+00;  0.380754E+00;  0.461961E+00
    400.00;  0.357473E+03;  0.251280E+06;  0.499976E+01;  0.422738E-03;  0.200002E+00;  0.299997E+00;  0.500001E+00;  0.157080E+00;  0.381608E+00;  0.461312E+00
    410.00;  0.358156E+03;  0.256555E+06;  0.499975E+01;  0.430789E-03;  0.200002E+00;  0.299997E+00;  0.500001E+00;  0.156875E+00;  0.382459E+00;  0.460666E+00
    420.00;  0.358839E+03;  0.261916E+06;  0.499975E+01;  0.438955E-03;  0.200002E+00;  0.299997E+00;  0.500001E+00;  0.156670E+00;  0.383307E+00;  0.460023E+00
    430.00;  0.359521E+03;  0.267366E+06;  0.499974E+01;  0.447238E-03;  0.200002E+00;  0.299996E+00;  0.500001E+00;  0.156465E+00;  0.384152E+00;  0.459382E+00
    440.00;  0.360204E+03;  0.272905E+06;  0.499973E+01;  0.455638E-03;  0.200002E+00;  0.299996E+00;  0.500002E+00;  0.156261E+00;  0.384995E+00;  0.458745E+00
    450.00;  0.360887E+03;  0.278532E+06;  0.499972E+01;  0.464155E-03;  0.200002E+00;  0.299996E+00;  0.500002E+00;  0.156057E+00;  0.385834E+00;  0.458109E+00
    460.00;  0.361569E+03;  0.284252E+06;  0.499971E+01;  0.472791E-03;  0.200002E+00;  0.299996E+00;  0.500002E+00;  0.155853E+00;  0.386670E+00;  0.457477E+00
    470.00;  0.362252E+03;  0.290063E+06;  0.499970E+01;  0.481549E-03;  0.200002E+00;  0.299996E+00;  0.500002E+00;  0.155649E+00;  0.387503E+00;  0.456848E+00
    480.00;  0.362934E+03;  0.295967E+06;  0.499969E+01;  0.490427E-03;  0.200002E+00;  0.299996E+00;  0.500002E+00;  0.155446E+00;  0.388333E+00;  0.456221E+00
    490.00;  0.363617E+03;  0.301965E+06;  0.499969E+01;  0.499427E-03;  0.200003E+00;  0.299996E+00;  0.500002E+00;  0.155243E+00;  0.389160E+00;  0.455597E+00
    500.00;  0.364299E+03;  0.308058E+06;  0.499968E+01;  0.508550E-03;  0.200003E+00;  0.299995E+00;  0.500002E+00;  0.155040E+00;  0.389985E+00;  0.454976E+00
    510.00;  0.364982E+03;  0.314246E+06;  0.499967E+01;  0.517798E-03;  0.200003E+00;  0.299995E+00;  0.500002E+00;  0.154837E+00;  0.390806E+00;  0.454357E+00
    520.00;  0.365665E+03;  0.320538E+06;  0.499966E+01;  0.527180E-03;  0.200003E+00;  0.299995E+00;  0.500002E+00;  0.154635E+00;  0.391623E+00;  0.453742E+00
    530.00;  0.366347E+03;  0.326936E+06;  0.499965E+01;  0.536699E-03;  0.200003E+00;  0.299995E+00;  0.500002E+00;  0.154434E+00;  0.392437E+00;  0.453129E+00
    540.00;  0.367030E+03;  0.333435E+06;  0.499964E+01;  0.546349E-03;  0.200003E+00;  0.299995E+00;  0.500002E+00;  0.154232E+00;  0.393247E+00;  0.452520E+00
    550.00;  0.367712E+03;  0.340037E+06;  0.499963E+01;  0.556133E-03;  0.200003E+00;  0.299995E+00;  0.500002E+00;  0.154032E+00;  0.394054E+00;  0.451914E+00
    560.00;  0.368395E+03;  0.346745E+06;  0.499962E+01;  0.566051E-03;  0.200003E+00;  0.299994E+00;  0.500003E+00;  0.153832E+00;  0.394858E+00;  0.451311E+00
    570.00;  0.369077E+03;  0.353558E+06;  0.499961E+01;  0.576105E-03;  0.200003E+00;  0.299994E+00;  0.500003E+00;  0.153632E+00;  0.395658E+00;  0.450710E+00
    580.00;  0.369760E+03;  0.360478E+06;  0.499960E+01;  0.586297E-03;  0.200003E+00;  0.299994E+00;  0.500003E+00;  0.153433E+00;  0.396454E+00;  0.450113E+00
    590.00;  0.370442E+03;  0.367507E+06;  0.499959E+01;  0.596627E-03;  0.200003E+00;  0.299994E+00;  0.500003E+00;  0.153234E+00;  0.397247E+00;  0.449519E+00
    600.00;  0.371125E+03;  0.374645E+06;  0.499958E+01;  0.607098E-03;  0.200004E+00;  0.299994E+00;  0.500003E+00;  0.153036E+00;  0.398037E+00;  0.448927E+00
    610.00;  0.371807E+03;  0.381894E+06;  0.499957E+01;  0.617710E-03;  0.200004E+00;  0.299993E+00;  0.500003E+00;  0.152838E+00;  0.398823E+00;  0.448339E+00
    620.00;  0.372490E+03;  0.389254E+06;  0.499956E+01;  0.628461E-03;  0.200004E+00;  0.299993E+00;  0.500003E+00;  0.152641E+00;  0.399606E+00;  0.447753E+00
    630.00;  0.373172E+03;  0.396721E+06;  0.499955E+01;  0.639345E-03;  0.200004E+00;  0.299993E+00;  0.500003E+00;  0.152444E+00;  0.400387E+00;  0.447169E+00
    640.00;  0.373855E+03;  0.404302E+06;  0.499953E+01;  0.650370E-03;  0.200004E+00;  0.299993E+00;  0.500003E+00;  0.152247E+00;  0.401166E+00;  0.446587E+00
    641.31;  0.373944E+03;  0.405300E+06;  0.499953E+01;  0.651820E-03;  0.200004E+00;  0.299993E+00;  0.500003E+00;  0.152222E+00;  0.401267E+00;  0.446511E+00
    651.31;  0.371861E+03;  0.382352E+06;  0.494570E+01;  0.618364E-03;  0.200520E+00;  0.298908E+00;  0.500572E+00;  0.153082E+00;  0.398177E+00;  0.448741E+00
    661.31;  0.369849E+03;  0.361205E+06;  0.489374E+01;  0.587340E-03;  0.201019E+00;  0.297870E+00;  0.501111E+00;  0.153918E+00;  0.395179E+00;  0.450903E+00
    671.31;  0.367915E+03;  0.341760E+06;  0.484374E+01;  0.558644E-03;  0.201501E+00;  0.296880E+00;  0.501619E+00;  0.154728E+00;  0.392282E+00;  0.452990E+00
    681.31;  0.366056E+03;  0.323860E+06;  0.479564E+01;  0.532076E-03;  0.201966E+00;  0.295937E+00;  0.502097E+00;  0.155510E+00;  0.389488E+00;  0.455001E+00
    691.31;  0.364271E+03;  0.307393E+06;  0.474935E+01;  0.507497E-03;  0.202415E+00;  0.295038E+00;  0.502547E+00;  0.156267E+00;  0.386794E+00;  0.456939E+00
    701.31;  0.362559E+03;  0.292264E+06;  0.470482E+01;  0.484792E-03;  0.202848E+00;  0.294182E+00;  0.502970E+00;  0.156998E+00;  0.384198E+00;  0.458805E+00
    711.31;  0.360918E+03;  0.278335E+06;  0.466197E+01;  0.463783E-03;  0.203266E+00;  0.293366E+00;  0.503368E+00;  0.157703E+00;  0.381696E+00;  0.460600E+00
    721.31;  0.359347E+03;  0.265481E+06;  0.462071E+01;  0.444299E-03;  0.203670E+00;  0.292588E+00;  0.503742E+00;  0.158383E+00;  0.379295E+00;  0.462322E+00
    731.31;  0.357844E+03;  0.253629E+06;  0.458098E+01;  0.426247E-03;  0.204060E+00;  0.291846E+00;  0.504094E+00;  0.159037E+00;  0.376988E+00;  0.463975E+00
    741.31;  0.356407E+03;  0.242690E+06;  0.454269E+01;  0.409511E-03;  0.204437E+00;  0.291138E+00;  0.504425E+00;  0.159667E+00;  0.374775E+00;  0.465559E+00
    751.31;  0.355035E+03;  0.232597E+06;  0.450580E+01;  0.393999E-03;  0.204801E+00;  0.290462E+00;  0.504737E+00;  0.160271E+00;  0.372654E+00;  0.467075E+00
    761.31;  0.353725E+03;  0.223304E+06;  0.447024E+01;  0.379656E-03;  0.205153E+00;  0.289816E+00;  0.505031E+00;  0.160854E+00;  0.370618E+00;  0.468528E+00
    771.31;  0.352478E+03;  0.214738E+06;  0.443596E+01;  0.366384E-03;  0.205493E+00;  0.289199E+00;  0.505307E+00;  0.161413E+00;  0.368668E+00;  0.469919E+00
    781.31;  0.351290E+03;  0.206825E+06;  0.440291E+01;  0.354075E-03;  0.205822E+00;  0.288610E+00;  0.505568E+00;  0.161950E+00;  0.366805E+00;  0.471245E+00
    791.31;  0.350161E+03;  0.199507E+06;  0.437102E+01;  0.342650E-03;  0.206140E+00;  0.288046E+00;  0.505814E+00;  0.162464E+00;  0.365028E+00;  0.472508E+00
    801.31;  0.349088E+03;  0.192761E+06;  0.434025E+01;  0.332081E-03;  0.206448E+00;  0.287506E+00;  0.506045E+00;  0.162957E+00;  0.363331E+00;  0.473712E+00
    811.31;  0.348071E+03;  0.186533E+06;  0.431056E+01;  0.322291E-03;  0.206746E+00;  0.286989E+00;  0.506264E+00;  0.163428E+00;  0.361714E+00;  0.474858E+00
    821.31;  0.347108E+03;  0.180792E+06;  0.428188E+01;  0.313237E-03;  0.207035E+00;  0.286494E+00;  0.506471E+00;  0.163880E+00;  0.360173E+00;  0.475947E+00
    831.31;  0.346196E+03;  0.175494E+06;  0.425419E+01;  0.304858E-03;  0.207314E+00;  0.286020E+00;  0.506666E+00;  0.164312E+00;  0.358707E+00;  0.476981E+00
    841.31;  0.345335E+03;  0.170603E+06;  0.422743E+01;  0.297096E-03;  0.207585E+00;  0.285564E+00;  0.506851E+00;  0.164724E+00;  0.357318E+00;  0.477958E+00
    851.31;  0.344523E+03;  0.166076E+06;  0.420156E+01;  0.289895E-03;  0.207848E+00;  0.285126E+00;  0.507026E+00;  0.165117E+00;  0.356003E+00;  0.478880E+00
    861.31;  0.343758E+03;  0.161908E+06;  0.417655E+01;  0.283248E-03;  0.208103E+00;  0.284706E+00;  0.507191E+00;  0.165492E+00;  0.354755E+00;  0.479753E+00
    871.31;  0.343039E+03;  0.158067E+06;  0.415235E+01;  0.277110E-03;  0.208350E+00;  0.284301E+00;  0.507349E+00;  0.165851E+00;  0.353571E+00;  0.480578E+00
    881.31;  0.342363E+03;  0.154528E+06;  0.412892E+01;  0.271444E-03;  0.208590E+00;  0.283911E+00;  0.507498E+00;  0.166193E+00;  0.352451E+00;  0.481356E+00
    891.31;  0.341730E+03;  0.151272E+06;  0.410622E+01;  0.266217E-03;  0.208824E+00;  0.283535E+00;  0.507641E+00;  0.166519E+00;  0.351395E+00;  0.482086E+00
    901.31;  0.341138E+03;  0.148274E+06;  0.408423E+01;  0.261394E-03;  0.209051E+00;  0.283173E+00;  0.507776E+00;  0.166829E+00;  0.350400E+00;  0.482771E+00
    911.31;  0.340585E+03;  0.145520E+06;  0.406289E+01;  0.256954E-03;  0.209272E+00;  0.282822E+00;  0.507906E+00;  0.167124E+00;  0.349462E+00;  0.483413E+00
    921.31;  0.340069E+03;  0.142985E+06;  0.404219E+01;  0.252861E-03;  0.209487E+00;  0.282483E+00;  0.508030E+00;  0.167405E+00;  0.348581E+00;  0.484015E+00
    931.31;  0.339588E+03;  0.140661E+06;  0.402208E+01;  0.249102E-03;  0.209697E+00;  0.282155E+00;  0.508148E+00;  0.167672E+00;  0.347751E+00;  0.484576E+00
    941.31;  0.339142E+03;  0.138530E+06;  0.400253E+01;  0.245651E-03;  0.209901E+00;  0.281837E+00;  0.508262E+00;  0.167927E+00;  0.346973E+00;  0.485100E+00
    951.31;  0.338728E+03;  0.136574E+06;  0.398352E+01;  0.242478E-03;  0.210101E+00;  0.281528E+00;  0.508371E+00;  0.168170E+00;  0.346242E+00;  0.485588E+00
    961.31;  0.338345E+03;  0.134782E+06;  0.396500E+01;  0.239568E-03;  0.210296E+00;  0.281227E+00;  0.508476E+00;  0.168400E+00;  0.345558E+00;  0.486042E+00
    971.31;  0.337991E+03;  0.133142E+06;  0.394695E+01;  0.236901E-03;  0.210487E+00;  0.280935E+00;  0.508578E+00;  0.168620E+00;  0.344918E+00;  0.486462E+00
    981.31;  0.337665E+03;  0.131637E+06;  0.392933E+01;  0.234450E-03;  0.210675E+00;  0.280649E+00;  0.508676E+00;  0.168828E+00;  0.344320E+00;  0.486852E+00
    991.31;  0.337364E+03;  0.130265E+06;  0.391213E+01;  0.232216E-03;  0.210858E+00;  0.280371E+00;  0.508771E+00;  0.169027E+00;  0.343760E+00;  0.487212E+00
   1001.31;  0.337088E+03;  0.129021E+06;  0.389532E+01;  0.230185E-03;  0.211038E+00;  0.280098E+00;  0.508863E+00;  0.169218E+00;  0.343235E+00;  0.487547E+00
   1011.31;  0.336835E+03;  0.127889E+06;  0.387885E+01;  0.228337E-03;  0.211216E+00;  0.279831E+00;  0.508953E+00;  0.169400E+00;  0.342743E+00;  0.487856E+00
   1021.31;  0.336604E+03;  0.126861E+06;  0.386272E+01;  0.226657E-03;  0.211390E+00;  0.279570E+00;  0.509040E+00;  0.169574E+00;  0.342284E+00;  0.488142E+00
   1031.31;  0.336392E+03;  0.125927E+06;  0.384690E+01;  0.225129E-03;  0.211561E+00;  0.279313E+00;  0.509126E+00;  0.169741E+00;  0.341855E+00;  0.488405E+00
   1041.31;  0.336199E+03;  0.125078E+06;  0.383136E+01;  0.223738E-03;  0.211731E+00;  0.279060E+00;  0.509209E+00;  0.169900E+00;  0.341454E+00;  0.488646E+00
   1051.31;  0.336023E+03;  0.124311E+06;  0.381610E+01;  0.222482E-03;  0.211898E+00;  0.278811E+00;  0.509291E+00;  0.170053E+00;  0.341078E+00;  0.488869E+00
   1061.31;  0.335864E+03;  0.123619E+06;  0.380107E+01;  0.221347E-03;  0.212063E+00;  0.278566E+00;  0.509371E+00;  0.170201E+00;  0.340726E+00;  0.489073E+00
   1071.31;  0.335720E+03;  0.122991E+06;  0.378627E+01;  0.220317E-03;  0.212226E+00;  0.278324E+00;  0.509450E+00;  0.170343E+00;  0.340395E+00;  0.489262E+00
   1081.31;  0.335588E+03;  0.122418E+06;  0.377167E+01;  0.219379E-03;  0.212388E+00;  0.278084E+00;  0.509527E+00;  0.170481E+00;  0.340084E+00;  0.489435E+00
   1091.31;  0.335470E+03;  0.121900E+06;  0.375725E+01;  0.218530E-03;  0.212549E+00;  0.277847E+00;  0.509604E+00;  0.170614E+00;  0.339790E+00;  0.489595E+00
   1101.31;  0.335363E+03;  0.121438E+06;  0.374300E+01;  0.217773E-03;  0.212708E+00;  0.277612E+00;  0.509680E+00;  0.170743E+00;  0.339515E+00;  0.489742E+00
   1111.31;  0.335266E+03;  0.121023E+06;  0.372891E+01;  0.217091E-03;  0.212867E+00;  0.277378E+00;  0.509755E+00;  0.170868E+00;  0.339254E+00;  0.489877E+00
   1121.31;  0.335179E+03;  0.120650E+06;  0.371495E+01;  0.216477E-03;  0.213024E+00;  0.277146E+00;  0.509829E+00;  0.170990E+00;  0.339008E+00;  0.490002E+00
   1131.31;  0.335101E+03;  0.120316E+06;  0.370113E+01;  0.215927E-03;  0.213181E+00;  0.276916E+00;  0.509903E+00;  0.171109E+00;  0.338774E+00;  0.490117E+00
   1141.31;  0.335031E+03;  0.120015E+06;  0.368742E+01;  0.215431E-03;  0.213337E+00;  0.276686E+00;  0.509976E+00;  0.171225E+00;  0.338552E+00;  0.490223E+00
   1151.31;  0.334967E+03;  0.119742E+06;  0.367381E+01;  0.214983E-03;  0.213493E+00;  0.276457E+00;  0.510049E+00;  0.171338E+00;  0.338340E+00;  0.490321E+00
   1161.31;  0.334911E+03;  0.119498E+06;  0.366029E+01;  0.214581E-03;  0.213649E+00;  0.276229E+00;  0.510122E+00;  0.171450E+00;  0.338138E+00;  0.490413E+00
   1171.31;  0.334860E+03;  0.119281E+06;  0.364686E+01;  0.214223E-03;  0.213804E+00;  0.276002E+00;  0.510194E+00;  0.171559E+00;  0.337943E+00;  0.490497E+00
   1181.31;  0.334815E+03;  0.119086E+06;  0.363351E+01;  0.213902E-03;  0.213959E+00;  0.275774E+00;  0.510267E+00;  0.171667E+00;  0.337756E+00;  0.490576E+00
   1191.31;  0.334774E+03;  0.118911E+06;  0.362023E+01;  0.213613E-03;  0.214114E+00;  0.275547E+00;  0.510339E+00;  0.171774E+00;  0.337576E+00;  0.490650E+00
   1201.31;  0.334738E+03;  0.118755E+06;  0.360701E+01;  0.213357E-03;  0.214269E+00;  0.275320E+00;  0.510411E+00;  0.171879E+00;  0.337401E+00;  0.490719E+00
   1211.31;  0.334706E+03;  0.118616E+06;  0.359384E+01;  0.213128E-03;  0.214424E+00;  0.275093E+00;  0.510483E+00;  0.171983E+00;  0.337233E+00;  0.490784E+00
   1221.31;  0.334678E+03;  0.118491E+06;  0.358072E+01;  0.212921E-03;  0.214580E+00;  0.274865E+00;  0.510555E+00;  0.172086E+00;  0.337068E+00;  0.490845E+00
   1231.31;  0.334653E+03;  0.118381E+06;  0.356765E+01;  0.212738E-03;  0.214735E+00;  0.274638E+00;  0.510627E+00;  0.172188E+00;  0.336908E+00;  0.490903E+00
   1241.31;  0.334631E+03;  0.118284E+06;  0.355463E+01;  0.212578E-03;  0.214891E+00;  0.274410E+00;  0.510699E+00;  0.172290E+00;  0.336752E+00;  0.490958E+00
   1251.31;  0.334611E+03;  0.118198E+06;  0.354164E+01;  0.212435E-03;  0.215047E+00;  0.274181E+00;  0.510772E+00;  0.172391E+00;  0.336599E+00;  0.491010E+00
   1261.31;  0.334594E+03;  0.118120E+06;  0.352867E+01;  0.212307E-03;  0.215204E+00;  0.273952E+00;  0.510844E+00;  0.172492E+00;  0.336449E+00;  0.491060E+00
   1271.31;  0.334578E+03;  0.118051E+06;  0.351574E+01;  0.212193E-03;  0.215361E+00;  0.273723E+00;  0.510917E+00;  0.172592E+00;  0.336300E+00;  0.491108E+00
   1281.31;  0.334565E+03;  0.117991E+06;  0.350284E+01;  0.212092E-03;  0.215518E+00;  0.273492E+00;  0.510990E+00;  0.172692E+00;  0.336155E+00;  0.491153E+00
   1291.31;  0.334554E+03;  0.117936E+06;  0.348995E+01;  0.212001E-03;  0.215676E+00;  0.273261E+00;  0.511063E+00;  0.172791E+00;  0.336012E+00;  0.491197E+00
   1301.31;  0.334543E+03;  0.117886E+06;  0.347709E+01;  0.211918E-03;  0.215835E+00;  0.273029E+00;  0.511136E+00;  0.172890E+00;  0.335870E+00;  0.491240E+00
   1311.31;  0.334534E+03;  0.117839E+06;  0.346423E+01;  0.211841E-03;  0.215994E+00;  0.272796E+00;  0.511210E+00;  0.172989E+00;  0.335729E+00;  0.491282E+00
   1321.31;  0.334526E+03;  0.117802E+06;  0.345140E+01;  0.211779E-03;  0.216154E+00;  0.272562E+00;  0.511284E+00;  0.173089E+00;  0.335588E+00;  0.491323E+00
   1331.31;  0.334520E+03;  0.117770E+06;  0.343859E+01;  0.211724E-03;  0.216314E+00;  0.272328E+00;  0.511358E+00;  0.173189E+00;  0.335448E+00;  0.491363E+00
   1341.31;  0.334514E+03;  0.117742E+06;  0.342578E+01;  0.211678E-03;  0.216475E+00;  0.272092E+00;  0.511433E+00;  0.173289E+00;  0.335308E+00;  0.491403E+00
   1351.31;  0.334509E+03;  0.117718E+06;  0.341298E+01;  0.211638E-03;  0.216637E+00;  0.271855E+00;  0.511508E+00;  0.173391E+00;  0.335166E+00;  0.491443E+00
   1361.31;  0.334504E+03;  0.117696E+06;  0.340019E+01;  0.211601E-03;  0.216800E+00;  0.271617E+00;  0.511584E+00;  0.173492E+00;  0.335026E+00;  0.491482E+00
   1371.31;  0.334501E+03;  0.117676E+06;  0.338742E+01;  0.211566E-03;  0.216963E+00;  0.271378E+00;  0.511659E+00;  0.173592E+00;  0.334888E+00;  0.491520E+00
   1381.31;  0.334498E+03;  0.117657E+06;  0.337464E+01;  0.211534E-03;  0.217127E+00;  0.271138E+00;  0.511735E+00;  0.173693E+00;  0.334750E+00;  0.491557E+00
   1391.31;  0.334495E+03;  0.117638E+06;  0.336187E+01;  0.211502E-03;  0.217292E+00;  0.270896E+00;  0.511812E+00;  0.173793E+00;  0.334613E+00;  0.491594E+00
   1401.31;  0.334493E+03;  0.117620E+06;  0.334911E+01;  0.211472E-03;  0.217457E+00;  0.270654E+00;  0.511889E+00;  0.173893E+00;  0.334476E+00;  0.491631E+00
   1411.31;  0.334491E+03;  0.117605E+06;  0.333635E+01;  0.211447E-03;  0.217624E+00;  0.270410E+00;  0.511966E+00;  0.173994E+00;  0.334338E+00;  0.491667E+00
   1421.31;  0.334490E+03;  0.117592E+06;  0.332360E+01;  0.211424E-03;  0.217791E+00;  0.270165E+00;  0.512044E+00;  0.174095E+00;  0.334201E+00;  0.491704E+00
   1431.31;  0.334489E+03;  0.117580E+06;  0.331085E+01;  0.211404E-03;  0.217959E+00;  0.269919E+00;  0.512123E+00;  0.174197E+00;  0.334063E+00;  0.491740E+00
   1441.31;  0.334488E+03;  0.117569E+06;  0.329810E+01;  0.211385E-03;  0.218128E+00;  0.269671E+00;  0.512201E+00;  0.174298E+00;  0.333925E+00;  0.491776E+00
   1451.31;  0.334488E+03;  0.117561E+06;  0.328536E+01;  0.211370E-03;  0.218298E+00;  0.269422E+00;  0.512280E+00;  0.174401E+00;  0.333785E+00;  0.491813E+00
   1461.31;  0.334488E+03;  0.117555E+06;  0.327262E+01;  0.211359E-03;  0.218468E+00;  0.269172E+00;  0.512360E+00;  0.174505E+00;  0.333644E+00;  0.491850E+00
   1471.31;  0.334488E+03;  0.117550E+06;  0.325988E+01;  0.211350E-03;  0.218640E+00;  0.268920E+00;  0.512440E+00;  0.174610E+00;  0.333502E+00;  0.491888E+00
   1481.31;  0.334488E+03;  0.117547E+06;  0.324715E+01;  0.211345E-03;  0.218812E+00;  0.268667E+00;  0.512521E+00;  0.174716E+00;  0.333357E+00;  0.491927E+00
   1491.31;  0.334489E+03;  0.117542E+06;  0.323441E+01;  0.211336E-03;  0.218986E+00;  0.268412E+00;  0.512602E+00;  0.174822E+00;  0.333214E+00;  0.491965E+00
   1501.31;  0.334489E+03;  0.117541E+06;  0.322168E+01;  0.211332E-03;  0.219160E+00;  0.268157E+00;  0.512683E+00;  0.174928E+00;  0.333069E+00;  0.492003E+00
   1511.31;  0.334490E+03;  0.117538E+06;  0.320895E+01;  0.211327E-03;  0.219336E+00;  0.267899E+00;  0.512765E+00;  0.175034E+00;  0.332925E+00;  0.492041E+00
   1521.31;  0.334491E+03;  0.117535E+06;  0.319622E+01;  0.211321E-03;  0.219512E+00;  0.267641E+00;  0.512848E+00;  0.175140E+00;  0.332781E+00;  0.492079E+00
   1531.31;  0.334492E+03;  0.117532E+06;  0.318349E+01;  0.211315E-03;  0.219689E+00;  0.267380E+00;  0.512931E+00;  0.175247E+00;  0.332636E+00;  0.492117E+00
   1541.31;  0.334493E+03;  0.117530E+06;  0.317076E+01;  0.211310E-03;  0.219867E+00;  0.267119E+00;  0.513014E+00;  0.175354E+00;  0.332490E+00;  0.492156E+00
   1551.31;  0.334494E+03;  0.117528E+06;  0.315803E+01;  0.211305E-03;  0.220047E+00;  0.266855E+00;  0.513098E+00;  0.175462E+00;  0.332343E+00;  0.492195E+00
   1561.31;  0.334496E+03;  0.117526E+06;  0.314531E+01;  0.211301E-03;  0.220227E+00;  0.266590E+00;  0.513183E+00;  0.175570E+00;  0.332196E+00;  0.492234E+00
   1571.31;  0.334497E+03;  0.117523E+06;  0.313258E+01;  0.211296E-03;  0.220408E+00;  0.266324E+00;  0.513268E+00;  0.175678E+00;  0.332048E+00;  0.492274E+00
   1581.31;  0.334499E+03;  0.117521E+06;  0.311985E+01;  0.211291E-03;  0.220590E+00;  0.266056E+00;  0.513353E+00;  0.175787E+00;  0.331900E+00;  0.492313E+00
   1591.31;  0.334500E+03;  0.117520E+06;  0.310713E+01;  0.211288E-03;  0.220774E+00;  0.265787E+00;  0.513439E+00;  0.175897E+00;  0.331750E+00;  0.492353E+00
   1601.31;  0.334502E+03;  0.117519E+06;  0.309440E+01;  0.211285E-03;  0.220958E+00;  0.265516E+00;  0.513526E+00;  0.176008E+00;  0.331598E+00;  0.492394E+00
   1611.31;  0.334503E+03;  0.117518E+06;  0.308167E+01;  0.211283E-03;  0.221144E+00;  0.265243E+00;  0.513613E+00;  0.176119E+00;  0.331445E+00;  0.492435E+00
   1621.31;  0.334505E+03;  0.117518E+06;  0.306895E+01;  0.211282E-03;  0.221330E+00;  0.264969E+00;  0.513701E+00;  0.176231E+00;  0.331292E+00;  0.492477E+00
   1631.31;  0.334507E+03;  0.117518E+06;  0.305622E+01;  0.211281E-03;  0.221518E+00;  0.264693E+00;  0.513789E+00;  0.176344E+00;  0.331137E+00;  0.492519E+00
   1641.31;  0.334508E+03;  0.117517E+06;  0.304350E+01;  0.211278E-03;  0.221693E+00;  0.264436E+00;  0.513871E+00;  0.176450E+00;  0.330994E+00;  0.492557E+00
   1651.31;  0.334510E+03;  0.117517E+06;  0.303077E+01;  0.211278E-03;  0.221888E+00;  0.264149E+00;  0.513963E+00;  0.176566E+00;  0.330833E+00;  0.492601E+00
   1661.31;  0.334512E+03;  0.117518E+06;  0.301804E+01;  0.211277E-03;  0.222083E+00;  0.263862E+00;  0.514055E+00;  0.176683E+00;  0.330671E+00;  0.492646E+00
   1671.31;  0.334514E+03;  0.117519E+06;  0.300532E+01;  0.211277E-03;  0.222277E+00;  0.263575E+00;  0.514147E+00;  0.176800E+00;  0.330510E+00;  0.492691E+00
   1681.31;  0.334516E+03;  0.117519E+06;  0.299259E+01;  0.211277E-03;  0.222472E+00;  0.263288E+00;  0.514239E+00;  0.176916E+00;  0.330349E+00;  0.492735E+00
   1691.31;  0.334518E+03;  0.117520E+06;  0.297987E+01;  0.211277E-03;  0.222668E+00;  0.263001E+00;  0.514332E+00;  0.177033E+00;  0.330187E+00;  0.492780E+00
   1701.31;  0.334520E+03;  0.117521E+06;  0.296713E+01;  0.211277E-03;  0.222886E+00;  0.262678E+00;  0.514436E+00;  0.177164E+00;  0.330004E+00;  0.492833E+00
   1711.31;  0.334523E+03;  0.117522E+06;  0.295440E+01;  0.211278E-03;  0.223105E+00;  0.262355E+00;  0.514540E+00;  0.177294E+00;  0.329820E+00;  0.492886E+00
   1721.31;  0.334525E+03;  0.117523E+06;  0.294167E+01;  0.211278E-03;  0.223324E+00;  0.262032E+00;  0.514644E+00;  0.177425E+00;  0.329637E+00;  0.492938E+00
   1731.31;  0.334528E+03;  0.117524E+06;  0.292893E+01;  0.211278E-03;  0.223543E+00;  0.261709E+00;  0.514748E+00;  0.177555E+00;  0.329454E+00;  0.492991E+00
   1741.31;  0.334530E+03;  0.117525E+06;  0.291620E+01;  0.211278E-03;  0.223762E+00;  0.261386E+00;  0.514852E+00;  0.177686E+00;  0.329270E+00;  0.493044E+00
   1751.31;  0.334532E+03;  0.117526E+06;  0.290347E+01;  0.211279E-03;  0.223981E+00;  0.261063E+00;  0.514957E+00;  0.177816E+00;  0.329087E+00;  0.493097E+00
   1761.31;  0.334535E+03;  0.117527E+06;  0.289074E+01;  0.211279E-03;  0.224199E+00;  0.260740E+00;  0.515061E+00;  0.177947E+00;  0.328903E+00;  0.493150E+00
   1771.31;  0.334537E+03;  0.117528E+06;  0.287800E+01;  0.211279E-03;  0.224418E+00;  0.260417E+00;  0.515165E+00;  0.178077E+00;  0.328720E+00;  0.493203E+00
   1781.31;  0.334539E+03;  0.117529E+06;  0.286527E+01;  0.211279E-03;  0.224637E+00;  0.260094E+00;  0.515269E+00;  0.178208E+00;  0.328537E+00;  0.493255E+00
   1791.31;  0.334542E+03;  0.117530E+06;  0.285254E+01;  0.211279E-03;  0.224856E+00;  0.259771E+00;  0.515373E+00;  0.178338E+00;  0.328353E+00;  0.493308E+00
   1801.31;  0.334544E+03;  0.117531E+06;  0.283980E+01;  0.211280E-03;  0.225075E+00;  0.259448E+00;  0.515477E+00;  0.178469E+00;  0.328170E+00;  0.493361E+00
   1811.31;  0.334547E+03;  0.117532E+06;  0.282707E+01;  0.211280E-03;  0.225293E+00;  0.259125E+00;  0.515581E+00;  0.178599E+00;  0.327987E+00;  0.493414E+00
   1821.31;  0.334549E+03;  0.117533E+06;  0.281434E+01;  0.211280E-03;  0.225512E+00;  0.258802E+00;  0.515686E+00;  0.178730E+00;  0.327803E+00;  0.493467E+00
   1831.31;  0.334551E+03;  0.117534E+06;  0.280161E+01;  0.211280E-03;  0.225731E+00;  0.258479E+00;  0.515790E+00;  0.178860E+00;  0.327620E+00;  0.493519E+00
   1841.31;  0.334554E+03;  0.117535E+06;  0.278887E+01;  0.211281E-03;  0.225950E+00;  0.258156E+00;  0.515894E+00;  0.178991E+00;  0.327437E+00;  0.493572E+00
   1851.31;  0.334556E+03;  0.117536E+06;  0.277614E+01;  0.211281E-03;  0.226169E+00;  0.257833E+00;  0.515998E+00;  0.179122E+00;  0.327253E+00;  0.493625E+00
   1861.31;  0.334559E+03;  0.117537E+06;  0.276341E+01;  0.211281E-03;  0.226388E+00;  0.257510E+00;  0.516102E+00;  0.179252E+00;  0.327070E+00;  0.493678E+00
   1871.31;  0.334561E+03;  0.117537E+06;  0.275067E+01;  0.211281E-03;  0.226606E+00;  0.257187E+00;  0.516206E+00;  0.179383E+00;  0.326887E+00;  0.493731E+00
   1881.31;  0.334567E+03;  0.117540E+06;  0.273787E+01;  0.211282E-03;  0.227092E+00;  0.256465E+00;  0.516442E+00;  0.179666E+00;  0.326439E+00;  0.493895E+00
   1891.31;  0.334570E+03;  0.117541E+06;  0.272513E+01;  0.211282E-03;  0.227313E+00;  0.256139E+00;  0.516548E+00;  0.179798E+00;  0.326254E+00;  0.493949E+00
   1901.31;  0.334572E+03;  0.117542E+06;  0.271240E+01;  0.211282E-03;  0.227536E+00;  0.255810E+00;  0.516654E+00;  0.179930E+00;  0.326067E+00;  0.494003E+00
   1911.31;  0.334575E+03;  0.117543E+06;  0.269967E+01;  0.211282E-03;  0.227760E+00;  0.255479E+00;  0.516760E+00;  0.180064E+00;  0.325878E+00;  0.494058E+00
   1921.31;  0.334577E+03;  0.117544E+06;  0.268693E+01;  0.211283E-03;  0.227986E+00;  0.255146E+00;  0.516868E+00;  0.180199E+00;  0.325688E+00;  0.494114E+00
   1931.31;  0.334580E+03;  0.117545E+06;  0.267419E+01;  0.211283E-03;  0.228214E+00;  0.254810E+00;  0.516976E+00;  0.180334E+00;  0.325496E+00;  0.494170E+00
   1941.31;  0.334582E+03;  0.117546E+06;  0.266146E+01;  0.211283E-03;  0.228443E+00;  0.254472E+00;  0.517086E+00;  0.180470E+00;  0.325302E+00;  0.494227E+00
   1951.31;  0.334585E+03;  0.117547E+06;  0.264872E+01;  0.211283E-03;  0.228673E+00;  0.254131E+00;  0.517196E+00;  0.180608E+00;  0.325107E+00;  0.494285E+00
   1961.31;  0.334587E+03;  0.117548E+06;  0.263599E+01;  0.211284E-03;  0.228906E+00;  0.253788E+00;  0.517306E+00;  0.180746E+00;  0.324910E+00;  0.494344E+00
   1971.31;  0.334590E+03;  0.117549E+06;  0.262325E+01;  0.211284E-03;  0.229139E+00;  0.253442E+00;  0.517418E+00;  0.180885E+00;  0.324712E+00;  0.494403E+00
   1981.31;  0.334593E+03;  0.117550E+06;  0.261051E+01;  0.211284E-03;  0.229375E+00;  0.253095E+00;  0.517530E+00;  0.181025E+00;  0.324512E+00;  0.494462E+00
   1991.31;  0.334595E+03;  0.117551E+06;  0.259777E+01;  0.211284E-03;  0.229612E+00;  0.252744E+00;  0.517644E+00;  0.181166E+00;  0.324311E+00;  0.494523E+00
   2001.31;  0.334598E+03;  0.117552E+06;  0.258504E+01;  0.211285E-03;  0.229851E+00;  0.252391E+00;  0.517758E+00;  0.181308E+00;  0.324108E+00;  0.494584E+00
   2011.31;  0.334601E+03;  0.117554E+06;  0.257230E+01;  0.211285E-03;  0.230091E+00;  0.252036E+00;  0.517872E+00;  0.181451E+00;  0.323903E+00;  0.494646E+00
   2021.31;  0.334604E+03;  0.117555E+06;  0.255956E+01;  0.211285E-03;  0.230333E+00;  0.251679E+00;  0.517988E+00;  0.181595E+00;  0.323697E+00;  0.494708E+00
   2031.31;  0.334606E+03;  0.117556E+06;  0.254682E+01;  0.211285E-03;  0.230577E+00;  0.251319E+00;  0.518104E+00;  0.181740E+00;  0.323489E+00;  0.494771E+00
   2041.31;  0.334609E+03;  0.117557E+06;  0.253408E+01;  0.211286E-03;  0.230822E+00;  0.250956E+00;  0.518222E+00;  0.181885E+00;  0.323280E+00;  0.494835E+00
   2051.31;  0.334612E+03;  0.117558E+06;  0.252134E+01;  0.211286E-03;  0.231069E+00;  0.250592E+00;  0.518340E+00;  0.182032E+00;  0.323069E+00;  0.494900E+00
   2061.31;  0.334615E+03;  0.117559E+06;  0.250859E+01;  0.211286E-03;  0.231324E+00;  0.250215E+00;  0.518461E+00;  0.182183E+00;  0.322848E+00;  0.494969E+00
   2071.31;  0.334618E+03;  0.117560E+06;  0.249585E+01;  0.211286E-03;  0.231585E+00;  0.249830E+00;  0.518585E+00;  0.182338E+00;  0.322622E+00;  0.495040E+00
   2081.31;  0.334621E+03;  0.117562E+06;  0.248311E+01;  0.211287E-03;  0.231849E+00;  0.249441E+00;  0.518710E+00;  0.182494E+00;  0.322393E+00;  0.495113E+00
   2091.31;  0.334624E+03;  0.117563E+06;  0.247036E+01;  0.211287E-03;  0.232114E+00;  0.249050E+00;  0.518836E+00;  0.182652E+00;  0.322162E+00;  0.495186E+00
   2101.31;  0.334627E+03;  0.117564E+06;  0.245762E+01;  0.211287E-03;  0.232381E+00;  0.248656E+00;  0.518963E+00;  0.182810E+00;  0.321929E+00;  0.495261E+00
   2111.31;  0.334631E+03;  0.117565E+06;  0.244487E+01;  0.211287E-03;  0.232651E+00;  0.248258E+00;  0.519091E+00;  0.182970E+00;  0.321694E+00;  0.495336E+00
   2121.31;  0.334634E+03;  0.117567E+06;  0.243213E+01;  0.211287E-03;  0.232923E+00;  0.247858E+00;  0.519220E+00;  0.183131E+00;  0.321456E+00;  0.495413E+00
   2131.31;  0.334637E+03;  0.117568E+06;  0.241938E+01;  0.211288E-03;  0.233196E+00;  0.247454E+00;  0.519350E+00;  0.183293E+00;  0.321216E+00;  0.495490E+00
   2141.31;  0.334641E+03;  0.117569E+06;  0.240664E+01;  0.211288E-03;  0.233472E+00;  0.247047E+00;  0.519481E+00;  0.183457E+00;  0.320975E+00;  0.495569E+00
   2151.31;  0.334644E+03;  0.117570E+06;  0.239389E+01;  0.211288E-03;  0.233750E+00;  0.246637E+00;  0.519613E+00;  0.183621E+00;  0.320731E+00;  0.495648E+00
   2161.31;  0.334647E+03;  0.117572E+06;  0.238114E+01;  0.211288E-03;  0.234031E+00;  0.246224E+00;  0.519746E+00;  0.183787E+00;  0.320485E+00;  0.495728E+00
   2171.31;  0.334651E+03;  0.117573E+06;  0.236839E+01;  0.211288E-03;  0.234313E+00;  0.245807E+00;  0.519880E+00;  0.183954E+00;  0.320236E+00;  0.495809E+00
   2181.31;  0.334654E+03;  0.117574E+06;  0.235564E+01;  0.211288E-03;  0.234597E+00;  0.245388E+00;  0.520015E+00;  0.184123E+00;  0.319986E+00;  0.495891E+00
   2191.31;  0.334658E+03;  0.117576E+06;  0.234289E+01;  0.211289E-03;  0.234884E+00;  0.244965E+00;  0.520151E+00;  0.184292E+00;  0.319733E+00;  0.495974E+00
   2201.31;  0.334661E+03;  0.117577E+06;  0.233014E+01;  0.211289E-03;  0.235173E+00;  0.244540E+00;  0.520288E+00;  0.184463E+00;  0.319478E+00;  0.496058E+00
   2211.31;  0.334665E+03;  0.117578E+06;  0.231739E+01;  0.211289E-03;  0.235464E+00;  0.244111E+00;  0.520426E+00;  0.184635E+00;  0.319221E+00;  0.496143E+00
   2221.31;  0.334669E+03;  0.117580E+06;  0.230464E+01;  0.211289E-03;  0.235757E+00;  0.243679E+00;  0.520565E+00;  0.184809E+00;  0.318962E+00;  0.496229E+00
   2231.31;  0.334672E+03;  0.117581E+06;  0.229189E+01;  0.211289E-03;  0.236052E+00;  0.243244E+00;  0.520705E+00;  0.184983E+00;  0.318701E+00;  0.496316E+00
   2241.31;  0.334676E+03;  0.117582E+06;  0.227914E+01;  0.211290E-03;  0.236349E+00;  0.242806E+00;  0.520846E+00;  0.185159E+00;  0.318437E+00;  0.496404E+00
   2251.31;  0.334680E+03;  0.117584E+06;  0.226639E+01;  0.211290E-03;  0.236648E+00;  0.242364E+00;  0.520988E+00;  0.185336E+00;  0.318172E+00;  0.496492E+00
   2261.31;  0.334683E+03;  0.117585E+06;  0.225363E+01;  0.211290E-03;  0.236950E+00;  0.241920E+00;  0.521131E+00;  0.185514E+00;  0.317904E+00;  0.496582E+00
   2271.31;  0.334687E+03;  0.117587E+06;  0.224088E+01;  0.211290E-03;  0.237253E+00;  0.241472E+00;  0.521275E+00;  0.185693E+00;  0.317634E+00;  0.496673E+00
   2281.31;  0.334691E+03;  0.117588E+06;  0.222813E+01;  0.211290E-03;  0.237559E+00;  0.241021E+00;  0.521420E+00;  0.185874E+00;  0.317361E+00;  0.496764E+00
   2291.31;  0.334695E+03;  0.117590E+06;  0.221537E+01;  0.211290E-03;  0.237867E+00;  0.240567E+00;  0.521566E+00;  0.186056E+00;  0.317087E+00;  0.496857E+00
   2301.31;  0.334699E+03;  0.117591E+06;  0.220262E+01;  0.211291E-03;  0.238177E+00;  0.240110E+00;  0.521713E+00;  0.186239E+00;  0.316811E+00;  0.496950E+00
   2311.31;  0.334703E+03;  0.117593E+06;  0.218986E+01;  0.211291E-03;  0.238489E+00;  0.239650E+00;  0.521861E+00;  0.186423E+00;  0.316532E+00;  0.497045E+00
   2321.31;  0.334707E+03;  0.117594E+06;  0.217711E+01;  0.211291E-03;  0.238803E+00;  0.239187E+00;  0.522010E+00;  0.186609E+00;  0.316251E+00;  0.497140E+00
   2331.31;  0.334711E+03;  0.117596E+06;  0.216435E+01;  0.211291E-03;  0.239120E+00;  0.238721E+00;  0.522160E+00;  0.186796E+00;  0.315968E+00;  0.497236E+00
   2341.31;  0.334715E+03;  0.117597E+06;  0.215159E+01;  0.211291E-03;  0.239438E+00;  0.238251E+00;  0.522311E+00;  0.186984E+00;  0.315683E+00;  0.497334E+00
   2351.31;  0.334719E+03;  0.117599E+06;  0.213883E+01;  0.211291E-03;  0.239759E+00;  0.237778E+00;  0.522463E+00;  0.187173E+00;  0.315395E+00;  0.497432E+00
   2361.31;  0.334723E+03;  0.117600E+06;  0.212608E+01;  0.211292E-03;  0.240082E+00;  0.237302E+00;  0.522616E+00;  0.187364E+00;  0.315105E+00;  0.497531E+00
   2371.31;  0.334727E+03;  0.117602E+06;  0.211332E+01;  0.211292E-03;  0.240407E+00;  0.236824E+00;  0.522770E+00;  0.187555E+00;  0.314814E+00;  0.497631E+00
   2381.31;  0.334731E+03;  0.117603E+06;  0.210056E+01;  0.211292E-03;  0.240734E+00;  0.236341E+00;  0.522925E+00;  0.187748E+00;  0.314520E+00;  0.497732E+00
   2391.31;  0.334736E+03;  0.117605E+06;  0.208780E+01;  0.211292E-03;  0.241063E+00;  0.235856E+00;  0.523081E+00;  0.187942E+00;  0.314224E+00;  0.497834E+00
   2401.31;  0.334740E+03;  0.117606E+06;  0.207504E+01;  0.211292E-03;  0.241394E+00;  0.235368E+00;  0.523238E+00;  0.188138E+00;  0.313925E+00;  0.497937E+00
   2411.31;  0.334744E+03;  0.117608E+06;  0.206228E+01;  0.211292E-03;  0.241728E+00;  0.234876E+00;  0.523396E+00;  0.188334E+00;  0.313625E+00;  0.498041E+00
   2421.31;  0.334749E+03;  0.117610E+06;  0.204952E+01;  0.211292E-03;  0.242063E+00;  0.234382E+00;  0.523555E+00;  0.188532E+00;  0.313322E+00;  0.498146E+00
   2431.31;  0.334753E+03;  0.117611E+06;  0.203675E+01;  0.211293E-03;  0.242401E+00;  0.233884E+00;  0.523715E+00;  0.188731E+00;  0.313017E+00;  0.498252E+00
   2441.31;  0.334757E+03;  0.117613E+06;  0.202399E+01;  0.211293E-03;  0.242741E+00;  0.233383E+00;  0.523876E+00;  0.188931E+00;  0.312710E+00;  0.498358E+00
   2451.31;  0.334762E+03;  0.117614E+06;  0.201123E+01;  0.211293E-03;  0.243083E+00;  0.232879E+00;  0.524038E+00;  0.189133E+00;  0.312401E+00;  0.498466E+00
   2461.31;  0.334766E+03;  0.117616E+06;  0.199846E+01;  0.211293E-03;  0.243434E+00;  0.232362E+00;  0.524204E+00;  0.189340E+00;  0.312081E+00;  0.498578E+00
   2471.31;  0.334771E+03;  0.117618E+06;  0.198570E+01;  0.211293E-03;  0.243806E+00;  0.231818E+00;  0.524376E+00;  0.189560E+00;  0.311740E+00;  0.498700E+00
   2481.31;  0.334777E+03;  0.117620E+06;  0.197293E+01;  0.211293E-03;  0.244180E+00;  0.231270E+00;  0.524550E+00;  0.189782E+00;  0.311395E+00;  0.498824E+00
   2491.31;  0.334782E+03;  0.117622E+06;  0.196016E+01;  0.211293E-03;  0.244558E+00;  0.230716E+00;  0.524726E+00;  0.190005E+00;  0.311046E+00;  0.498949E+00
   2501.31;  0.334787E+03;  0.117623E+06;  0.194739E+01;  0.211293E-03;  0.244938E+00;  0.230159E+00;  0.524903E+00;  0.190230E+00;  0.310694E+00;  0.499075E+00
   2511.31;  0.334792E+03;  0.117625E+06;  0.193461E+01;  0.211293E-03;  0.245323E+00;  0.229596E+00;  0.525081E+00;  0.190458E+00;  0.310339E+00;  0.499203E+00
   2521.31;  0.334798E+03;  0.117627E+06;  0.192184E+01;  0.211293E-03;  0.245710E+00;  0.229029E+00;  0.525261E+00;  0.190687E+00;  0.309980E+00;  0.499333E+00
   2531.31;  0.334803E+03;  0.117629E+06;  0.190907E+01;  0.211293E-03;  0.246101E+00;  0.228457E+00;  0.525442E+00;  0.190919E+00;  0.309618E+00;  0.499464E+00
   2541.31;  0.334808E+03;  0.117631E+06;  0.189630E+01;  0.211293E-03;  0.246495E+00;  0.227880E+00;  0.525625E+00;  0.191152E+00;  0.309252E+00;  0.499596E+00
   2551.31;  0.334814E+03;  0.117633E+06;  0.188352E+01;  0.211293E-03;  0.246893E+00;  0.227298E+00;  0.525809E+00;  0.191387E+00;  0.308882E+00;  0.499731E+00
   2561.31;  0.334820E+03;  0.117635E+06;  0.187075E+01;  0.211293E-03;  0.247294E+00;  0.226712E+00;  0.525994E+00;  0.191625E+00;  0.308509E+00;  0.499866E+00
   2571.31;  0.334825E+03;  0.117637E+06;  0.185797E+01;  0.211294E-03;  0.247698E+00;  0.226121E+00;  0.526181E+00;  0.191864E+00;  0.308133E+00;  0.500004E+00
   2581.31;  0.334831E+03;  0.117639E+06;  0.184519E+01;  0.211294E-03;  0.248105E+00;  0.225525E+00;  0.526369E+00;  0.192105E+00;  0.307753E+00;  0.500142E+00
   2591.31;  0.334837E+03;  0.117641E+06;  0.183242E+01;  0.211294E-03;  0.248516E+00;  0.224925E+00;  0.526559E+00;  0.192348E+00;  0.307369E+00;  0.500283E+00
   2601.31;  0.334843E+03;  0.117643E+06;  0.181964E+01;  0.211294E-03;  0.248930E+00;  0.224320E+00;  0.526750E+00;  0.192593E+00;  0.306982E+00;  0.500424E+00
   2611.31;  0.334848E+03;  0.117645E+06;  0.180686E+01;  0.211294E-03;  0.249348E+00;  0.223710E+00;  0.526943E+00;  0.192840E+00;  0.306592E+00;  0.500568E+00
   2621.31;  0.334854E+03;  0.117647E+06;  0.179408E+01;  0.211294E-03;  0.249768E+00;  0.223095E+00;  0.527137E+00;  0.193090E+00;  0.306198E+00;  0.500713E+00
   2631.31;  0.334860E+03;  0.117650E+06;  0.178130E+01;  0.211294E-03;  0.250192E+00;  0.222476E+00;  0.527332E+00;  0.193341E+00;  0.305800E+00;  0.500859E+00
   2641.31;  0.334866E+03;  0.117652E+06;  0.176852E+01;  0.211294E-03;  0.250620E+00;  0.221852E+00;  0.527529E+00;  0.193594E+00;  0.305399E+00;  0.501007E+00
   2651.31;  0.334873E+03;  0.117654E+06;  0.175574E+01;  0.211294E-03;  0.251050E+00;  0.221223E+00;  0.527727E+00;  0.193849E+00;  0.304995E+00;  0.501157E+00
   2661.31;  0.334879E+03;  0.117656E+06;  0.174295E+01;  0.211294E-03;  0.251484E+00;  0.220589E+00;  0.527926E+00;  0.194106E+00;  0.304587E+00;  0.501308E+00
   2671.31;  0.334885E+03;  0.117658E+06;  0.173017E+01;  0.211294E-03;  0.251922E+00;  0.219951E+00;  0.528127E+00;  0.194364E+00;  0.304175E+00;  0.501460E+00
   2681.31;  0.334891E+03;  0.117660E+06;  0.171739E+01;  0.211294E-03;  0.252362E+00;  0.219308E+00;  0.528330E+00;  0.194625E+00;  0.303760E+00;  0.501614E+00
   2691.31;  0.334898E+03;  0.117663E+06;  0.170460E+01;  0.211294E-03;  0.252806E+00;  0.218661E+00;  0.528533E+00;  0.194888E+00;  0.303342E+00;  0.501770E+00
   2701.31;  0.334904E+03;  0.117665E+06;  0.169181E+01;  0.211294E-03;  0.253253E+00;  0.218008E+00;  0.528739E+00;  0.195153E+00;  0.302920E+00;  0.501927E+00
   2711.31;  0.334911E+03;  0.117667E+06;  0.167903E+01;  0.211294E-03;  0.253704E+00;  0.217351E+00;  0.528945E+00;  0.195420E+00;  0.302494E+00;  0.502086E+00
   2721.31;  0.334917E+03;  0.117669E+06;  0.166624E+01;  0.211293E-03;  0.254158E+00;  0.216689E+00;  0.529153E+00;  0.195689E+00;  0.302065E+00;  0.502246E+00
   2731.31;  0.334924E+03;  0.117672E+06;  0.165345E+01;  0.211293E-03;  0.254615E+00;  0.216022E+00;  0.529363E+00;  0.195959E+00;  0.301633E+00;  0.502408E+00
   2741.31;  0.334931E+03;  0.117674E+06;  0.164067E+01;  0.211293E-03;  0.255075E+00;  0.215351E+00;  0.529574E+00;  0.196232E+00;  0.301197E+00;  0.502571E+00
   2751.31;  0.334937E+03;  0.117676E+06;  0.162788E+01;  0.211293E-03;  0.255539E+00;  0.214675E+00;  0.529786E+00;  0.196507E+00;  0.300757E+00;  0.502736E+00
   2761.31;  0.334944E+03;  0.117679E+06;  0.161509E+01;  0.211293E-03;  0.256006E+00;  0.213994E+00;  0.530000E+00;  0.196783E+00;  0.300314E+00;  0.502903E+00
   2771.31;  0.334951E+03;  0.117681E+06;  0.160229E+01;  0.211293E-03;  0.256476E+00;  0.213309E+00;  0.530215E+00;  0.197062E+00;  0.299867E+00;  0.503071E+00
   2781.31;  0.334958E+03;  0.117684E+06;  0.158950E+01;  0.211293E-03;  0.256950E+00;  0.212619E+00;  0.530431E+00;  0.197343E+00;  0.299417E+00;  0.503240E+00
   2791.31;  0.334965E+03;  0.117686E+06;  0.157671E+01;  0.211293E-03;  0.257427E+00;  0.211924E+00;  0.530649E+00;  0.197625E+00;  0.298964E+00;  0.503411E+00
   2801.31;  0.334972E+03;  0.117688E+06;  0.156392E+01;  0.211293E-03;  0.257907E+00;  0.211224E+00;  0.530869E+00;  0.197910E+00;  0.298507E+00;  0.503584E+00
   2811.31;  0.334979E+03;  0.117691E+06;  0.155112E+01;  0.211293E-03;  0.258391E+00;  0.210520E+00;  0.531090E+00;  0.198196E+00;  0.298046E+00;  0.503758E+00
   2821.31;  0.334986E+03;  0.117693E+06;  0.153833E+01;  0.211293E-03;  0.258878E+00;  0.209810E+00;  0.531312E+00;  0.198485E+00;  0.297582E+00;  0.503933E+00
   2831.31;  0.334993E+03;  0.117696E+06;  0.152553E+01;  0.211293E-03;  0.259368E+00;  0.209097E+00;  0.531535E+00;  0.198775E+00;  0.297115E+00;  0.504110E+00
   2841.31;  0.335001E+03;  0.117698E+06;  0.151274E+01;  0.211293E-03;  0.259862E+00;  0.208378E+00;  0.531760E+00;  0.199068E+00;  0.296643E+00;  0.504289E+00
   2851.31;  0.335008E+03;  0.117701E+06;  0.149994E+01;  0.211293E-03;  0.260359E+00;  0.207655E+00;  0.531987E+00;  0.199362E+00;  0.296169E+00;  0.504469E+00
   2861.31;  0.335016E+03;  0.117703E+06;  0.148714E+01;  0.211293E-03;  0.260859E+00;  0.206927E+00;  0.532215E+00;  0.199658E+00;  0.295691E+00;  0.504651E+00
   2871.31;  0.335025E+03;  0.117706E+06;  0.147434E+01;  0.211292E-03;  0.261421E+00;  0.206121E+00;  0.532458E+00;  0.199997E+00;  0.295131E+00;  0.504872E+00
   2881.31;  0.335034E+03;  0.117709E+06;  0.146154E+01;  0.211291E-03;  0.261994E+00;  0.205302E+00;  0.532705E+00;  0.200342E+00;  0.294559E+00;  0.505099E+00
   2891.31;  0.335044E+03;  0.117712E+06;  0.144873E+01;  0.211290E-03;  0.262574E+00;  0.204473E+00;  0.532953E+00;  0.200692E+00;  0.293977E+00;  0.505331E+00
   2901.31;  0.335053E+03;  0.117715E+06;  0.143592E+01;  0.211290E-03;  0.263162E+00;  0.203634E+00;  0.533205E+00;  0.201047E+00;  0.293386E+00;  0.505566E+00
   2911.31;  0.335063E+03;  0.117718E+06;  0.142311E+01;  0.211289E-03;  0.263757E+00;  0.202785E+00;  0.533459E+00;  0.201407E+00;  0.292786E+00;  0.505806E+00
   2921.31;  0.335073E+03;  0.117721E+06;  0.141031E+01;  0.211288E-03;  0.264360E+00;  0.201925E+00;  0.533715E+00;  0.201772E+00;  0.292177E+00;  0.506051E+00
   2931.31;  0.335084E+03;  0.117724E+06;  0.139750E+01;  0.211287E-03;  0.264971E+00;  0.201056E+00;  0.533974E+00;  0.202142E+00;  0.291559E+00;  0.506299E+00
   2941.31;  0.335094E+03;  0.117728E+06;  0.138468E+01;  0.211286E-03;  0.265589E+00;  0.200176E+00;  0.534235E+00;  0.202517E+00;  0.290931E+00;  0.506553E+00
   2951.31;  0.335105E+03;  0.117731E+06;  0.137187E+01;  0.211285E-03;  0.266215E+00;  0.199286E+00;  0.534498E+00;  0.202896E+00;  0.290294E+00;  0.506810E+00
   2961.31;  0.335116E+03;  0.117734E+06;  0.135906E+01;  0.211284E-03;  0.266849E+00;  0.198386E+00;  0.534765E+00;  0.203281E+00;  0.289647E+00;  0.507072E+00
   2971.31;  0.335127E+03;  0.117737E+06;  0.134624E+01;  0.211283E-03;  0.267490E+00;  0.197476E+00;  0.535033E+00;  0.203671E+00;  0.288991E+00;  0.507338E+00
   2981.31;  0.335138E+03;  0.117741E+06;  0.133343E+01;  0.211282E-03;  0.268140E+00;  0.196556E+00;  0.535304E+00;  0.204065E+00;  0.288326E+00;  0.507608E+00
   2991.31;  0.335149E+03;  0.117744E+06;  0.132061E+01;  0.211281E-03;  0.268796E+00;  0.195626E+00;  0.535578E+00;  0.204465E+00;  0.287652E+00;  0.507883E+00
   3001.31;  0.335161E+03;  0.117747E+06;  0.130779E+01;  0.211280E-03;  0.269461E+00;  0.194686E+00;  0.535854E+00;  0.204869E+00;  0.286968E+00;  0.508162E+00
   3011.31;  0.335173E+03;  0.117751E+06;  0.129497E+01;  0.211278E-03;  0.270133E+00;  0.193735E+00;  0.536132E+00;  0.205279E+00;  0.286276E+00;  0.508446E+00
   3021.31;  0.335184E+03;  0.117754E+06;  0.128215E+01;  0.211277E-03;  0.270813E+00;  0.192774E+00;  0.536413E+00;  0.205693E+00;  0.285573E+00;  0.508733E+00
   3031.31;  0.335197E+03;  0.117758E+06;  0.126933E+01;  0.211276E-03;  0.271500E+00;  0.191804E+00;  0.536696E+00;  0.206113E+00;  0.284862E+00;  0.509025E+00
   3041.31;  0.335209E+03;  0.117761E+06;  0.125651E+01;  0.211274E-03;  0.272195E+00;  0.190823E+00;  0.536982E+00;  0.206537E+00;  0.284141E+00;  0.509322E+00
   3051.31;  0.335221E+03;  0.117765E+06;  0.124368E+01;  0.211273E-03;  0.272898E+00;  0.189831E+00;  0.537270E+00;  0.206966E+00;  0.283411E+00;  0.509623E+00
   3061.31;  0.335234E+03;  0.117768E+06;  0.123086E+01;  0.211271E-03;  0.273609E+00;  0.188830E+00;  0.537561E+00;  0.207400E+00;  0.282672E+00;  0.509928E+00
   3071.31;  0.335247E+03;  0.117772E+06;  0.121803E+01;  0.211270E-03;  0.274327E+00;  0.187819E+00;  0.537854E+00;  0.207840E+00;  0.281923E+00;  0.510237E+00
   3081.31;  0.335260E+03;  0.117776E+06;  0.120520E+01;  0.211268E-03;  0.275053E+00;  0.186797E+00;  0.538150E+00;  0.208284E+00;  0.281165E+00;  0.510551E+00
   3091.31;  0.335273E+03;  0.117780E+06;  0.119237E+01;  0.211267E-03;  0.275786E+00;  0.185766E+00;  0.538448E+00;  0.208733E+00;  0.280398E+00;  0.510869E+00
   3101.31;  0.335287E+03;  0.117783E+06;  0.117954E+01;  0.211265E-03;  0.276527E+00;  0.184724E+00;  0.538749E+00;  0.209187E+00;  0.279621E+00;  0.511192E+00
   3111.31;  0.335300E+03;  0.117787E+06;  0.116671E+01;  0.211264E-03;  0.277276E+00;  0.183672E+00;  0.539052E+00;  0.209646E+00;  0.278835E+00;  0.511519E+00
   3121.31;  0.335314E+03;  0.117791E+06;  0.115388E+01;  0.211262E-03;  0.278033E+00;  0.182610E+00;  0.539357E+00;  0.210110E+00;  0.278040E+00;  0.511850E+00
   3131.31;  0.335328E+03;  0.117795E+06;  0.114105E+01;  0.211260E-03;  0.278797E+00;  0.181538E+00;  0.539665E+00;  0.210578E+00;  0.277236E+00;  0.512186E+00
   3141.31;  0.335343E+03;  0.117800E+06;  0.112821E+01;  0.211258E-03;  0.279621E+00;  0.180399E+00;  0.539980E+00;  0.211093E+00;  0.276357E+00;  0.512550E+00
   3151.31;  0.335360E+03;  0.117804E+06;  0.111536E+01;  0.211256E-03;  0.280469E+00;  0.179233E+00;  0.540298E+00;  0.211625E+00;  0.275448E+00;  0.512927E+00
   3161.31;  0.335377E+03;  0.117809E+06;  0.110252E+01;  0.211255E-03;  0.281330E+00;  0.178051E+00;  0.540619E+00;  0.212166E+00;  0.274523E+00;  0.513311E+00
   3171.31;  0.335394E+03;  0.117814E+06;  0.108967E+01;  0.211253E-03;  0.282205E+00;  0.176852E+00;  0.540943E+00;  0.212717E+00;  0.273581E+00;  0.513702E+00
   3181.31;  0.335411E+03;  0.117819E+06;  0.107682E+01;  0.211251E-03;  0.283093E+00;  0.175636E+00;  0.541271E+00;  0.213278E+00;  0.272622E+00;  0.514100E+00
   3191.31;  0.335429E+03;  0.117824E+06;  0.106397E+01;  0.211249E-03;  0.283995E+00;  0.174405E+00;  0.541601E+00;  0.213847E+00;  0.271648E+00;  0.514505E+00
   3201.31;  0.335447E+03;  0.117829E+06;  0.105112E+01;  0.211247E-03;  0.284910E+00;  0.173157E+00;  0.541933E+00;  0.214427E+00;  0.270656E+00;  0.514917E+00
   3211.31;  0.335465E+03;  0.117835E+06;  0.103826E+01;  0.211245E-03;  0.285838E+00;  0.171892E+00;  0.542269E+00;  0.215015E+00;  0.269648E+00;  0.515336E+00
   3221.31;  0.335484E+03;  0.117840E+06;  0.102540E+01;  0.211242E-03;  0.286780E+00;  0.170612E+00;  0.542608E+00;  0.215614E+00;  0.268624E+00;  0.515763E+00
   3231.31;  0.335503E+03;  0.117846E+06;  0.101255E+01;  0.211240E-03;  0.287736E+00;  0.169315E+00;  0.542950E+00;  0.216221E+00;  0.267583E+00;  0.516196E+00
   3241.31;  0.335523E+03;  0.117851E+06;  0.999685E+00;  0.211238E-03;  0.288704E+00;  0.168001E+00;  0.543294E+00;  0.216838E+00;  0.266525E+00;  0.516637E+00
   3251.31;  0.335543E+03;  0.117857E+06;  0.986822E+00;  0.211236E-03;  0.289687E+00;  0.166672E+00;  0.543642E+00;  0.217465E+00;  0.265451E+00;  0.517084E+00
   3261.31;  0.335563E+03;  0.117863E+06;  0.973958E+00;  0.211234E-03;  0.290682E+00;  0.165325E+00;  0.543992E+00;  0.218101E+00;  0.264360E+00;  0.517539E+00
   3271.31;  0.335584E+03;  0.117869E+06;  0.961091E+00;  0.211231E-03;  0.291691E+00;  0.163963E+00;  0.544346E+00;  0.218746E+00;  0.263253E+00;  0.518001E+00
   3281.31;  0.335605E+03;  0.117875E+06;  0.948223E+00;  0.211229E-03;  0.292714E+00;  0.162584E+00;  0.544702E+00;  0.219401E+00;  0.262130E+00;  0.518470E+00
   3291.31;  0.335626E+03;  0.117881E+06;  0.935353E+00;  0.211226E-03;  0.293750E+00;  0.161189E+00;  0.545061E+00;  0.220065E+00;  0.260989E+00;  0.518946E+00
   3301.31;  0.335648E+03;  0.117887E+06;  0.922482E+00;  0.211224E-03;  0.294799E+00;  0.159777E+00;  0.545423E+00;  0.220739E+00;  0.259833E+00;  0.519429E+00
   3311.31;  0.335670E+03;  0.117894E+06;  0.909608E+00;  0.211222E-03;  0.295862E+00;  0.158350E+00;  0.545788E+00;  0.221422E+00;  0.258660E+00;  0.519919E+00
   3321.31;  0.335692E+03;  0.117900E+06;  0.896732E+00;  0.211219E-03;  0.296938E+00;  0.156905E+00;  0.546156E+00;  0.222114E+00;  0.257470E+00;  0.520416E+00
   3331.31;  0.335715E+03;  0.117907E+06;  0.883855E+00;  0.211216E-03;  0.298028E+00;  0.155445E+00;  0.546527E+00;  0.222816E+00;  0.256263E+00;  0.520920E+00
   3341.31;  0.335738E+03;  0.117913E+06;  0.870976E+00;  0.211214E-03;  0.299131E+00;  0.153968E+00;  0.546901E+00;  0.223528E+00;  0.255041E+00;  0.521431E+00
   3351.31;  0.335764E+03;  0.117920E+06;  0.858089E+00;  0.211210E-03;  0.300318E+00;  0.152412E+00;  0.547270E+00;  0.224317E+00;  0.253677E+00;  0.522006E+00
   3361.31;  0.335793E+03;  0.117928E+06;  0.845198E+00;  0.211205E-03;  0.301554E+00;  0.150808E+00;  0.547638E+00;  0.225150E+00;  0.252235E+00;  0.522615E+00
   3371.31;  0.335822E+03;  0.117935E+06;  0.832305E+00;  0.211200E-03;  0.302814E+00;  0.149178E+00;  0.548008E+00;  0.226004E+00;  0.250755E+00;  0.523241E+00
   3381.31;  0.335852E+03;  0.117943E+06;  0.819409E+00;  0.211194E-03;  0.304100E+00;  0.147521E+00;  0.548379E+00;  0.226878E+00;  0.249238E+00;  0.523883E+00
   3391.31;  0.335883E+03;  0.117950E+06;  0.806510E+00;  0.211189E-03;  0.305411E+00;  0.145837E+00;  0.548752E+00;  0.227774E+00;  0.247684E+00;  0.524542E+00
   3401.31;  0.335915E+03;  0.117958E+06;  0.793608E+00;  0.211183E-03;  0.306747E+00;  0.144126E+00;  0.549127E+00;  0.228690E+00;  0.246092E+00;  0.525218E+00
   3411.31;  0.335948E+03;  0.117966E+06;  0.780704E+00;  0.211177E-03;  0.308108E+00;  0.142389E+00;  0.549503E+00;  0.229627E+00;  0.244464E+00;  0.525909E+00
   3421.31;  0.335982E+03;  0.117974E+06;  0.767797E+00;  0.211170E-03;  0.309495E+00;  0.140624E+00;  0.549881E+00;  0.230585E+00;  0.242797E+00;  0.526617E+00
   3431.31;  0.336016E+03;  0.117983E+06;  0.754887E+00;  0.211163E-03;  0.310907E+00;  0.138833E+00;  0.550260E+00;  0.231564E+00;  0.241094E+00;  0.527342E+00
   3441.31;  0.336052E+03;  0.117991E+06;  0.741974E+00;  0.211156E-03;  0.312344E+00;  0.137015E+00;  0.550641E+00;  0.232564E+00;  0.239353E+00;  0.528083E+00
   3451.31;  0.336088E+03;  0.118000E+06;  0.729059E+00;  0.211149E-03;  0.313806E+00;  0.135170E+00;  0.551024E+00;  0.233585E+00;  0.237575E+00;  0.528840E+00
   3461.31;  0.336125E+03;  0.118009E+06;  0.716141E+00;  0.211141E-03;  0.315293E+00;  0.133298E+00;  0.551409E+00;  0.234626E+00;  0.235759E+00;  0.529614E+00
   3471.31;  0.336163E+03;  0.118017E+06;  0.703220E+00;  0.211133E-03;  0.316805E+00;  0.131400E+00;  0.551795E+00;  0.235689E+00;  0.233906E+00;  0.530405E+00
   3481.31;  0.336202E+03;  0.118027E+06;  0.690296E+00;  0.211125E-03;  0.318343E+00;  0.129474E+00;  0.552182E+00;  0.236772E+00;  0.232016E+00;  0.531212E+00
   3491.31;  0.336242E+03;  0.118036E+06;  0.677370E+00;  0.211116E-03;  0.319906E+00;  0.127522E+00;  0.552572E+00;  0.237877E+00;  0.230088E+00;  0.532035E+00
   3501.31;  0.336284E+03;  0.118046E+06;  0.664438E+00;  0.211108E-03;  0.321527E+00;  0.125522E+00;  0.552952E+00;  0.239038E+00;  0.228074E+00;  0.532888E+00
   3511.31;  0.336330E+03;  0.118057E+06;  0.651494E+00;  0.211099E-03;  0.323258E+00;  0.123438E+00;  0.553304E+00;  0.240313E+00;  0.225893E+00;  0.533794E+00
   3521.31;  0.336379E+03;  0.118069E+06;  0.638546E+00;  0.211090E-03;  0.325032E+00;  0.121315E+00;  0.553653E+00;  0.241629E+00;  0.223648E+00;  0.534723E+00
   3531.31;  0.336429E+03;  0.118081E+06;  0.625594E+00;  0.211081E-03;  0.326849E+00;  0.119154E+00;  0.553997E+00;  0.242984E+00;  0.221340E+00;  0.535676E+00
   3541.31;  0.336480E+03;  0.118094E+06;  0.612637E+00;  0.211071E-03;  0.328709E+00;  0.116955E+00;  0.554336E+00;  0.244380E+00;  0.218967E+00;  0.536653E+00
   3551.31;  0.336534E+03;  0.118107E+06;  0.599675E+00;  0.211061E-03;  0.330611E+00;  0.114718E+00;  0.554672E+00;  0.245816E+00;  0.216531E+00;  0.537653E+00
   3561.31;  0.336589E+03;  0.118121E+06;  0.586709E+00;  0.211051E-03;  0.332555E+00;  0.112442E+00;  0.555003E+00;  0.247292E+00;  0.214031E+00;  0.538677E+00
   3571.31;  0.336645E+03;  0.118135E+06;  0.573739E+00;  0.211041E-03;  0.334543E+00;  0.110127E+00;  0.555330E+00;  0.248807E+00;  0.211467E+00;  0.539725E+00
   3581.31;  0.336703E+03;  0.118150E+06;  0.560764E+00;  0.211030E-03;  0.336573E+00;  0.107774E+00;  0.555652E+00;  0.250363E+00;  0.208840E+00;  0.540797E+00
   3591.31;  0.336763E+03;  0.118165E+06;  0.547784E+00;  0.211020E-03;  0.338646E+00;  0.105383E+00;  0.555971E+00;  0.251959E+00;  0.206148E+00;  0.541892E+00
   3601.31;  0.336825E+03;  0.118180E+06;  0.534800E+00;  0.211009E-03;  0.340761E+00;  0.102954E+00;  0.556285E+00;  0.253595E+00;  0.203393E+00;  0.543012E+00
   3611.31;  0.336888E+03;  0.118196E+06;  0.521812E+00;  0.210997E-03;  0.342919E+00;  0.100486E+00;  0.556595E+00;  0.255271E+00;  0.200574E+00;  0.544155E+00
   3621.31;  0.336956E+03;  0.118213E+06;  0.508815E+00;  0.210985E-03;  0.345178E+00;  0.979591E-01;  0.556863E+00;  0.257075E+00;  0.197573E+00;  0.545353E+00
   3631.31;  0.337033E+03;  0.118231E+06;  0.495805E+00;  0.210970E-03;  0.347590E+00;  0.953549E-01;  0.557055E+00;  0.259084E+00;  0.194281E+00;  0.546635E+00
   3641.31;  0.337113E+03;  0.118250E+06;  0.482788E+00;  0.210954E-03;  0.350075E+00;  0.927015E-01;  0.557224E+00;  0.261181E+00;  0.190862E+00;  0.547957E+00
   3651.31;  0.337196E+03;  0.118270E+06;  0.469764E+00;  0.210937E-03;  0.352633E+00;  0.899988E-01;  0.557368E+00;  0.263364E+00;  0.187316E+00;  0.549321E+00
   3661.31;  0.337283E+03;  0.118291E+06;  0.456733E+00;  0.210919E-03;  0.355265E+00;  0.872468E-01;  0.557488E+00;  0.265633E+00;  0.183643E+00;  0.550724E+00
   3671.31;  0.337374E+03;  0.118312E+06;  0.443696E+00;  0.210900E-03;  0.357970E+00;  0.844455E-01;  0.557584E+00;  0.267989E+00;  0.179842E+00;  0.552168E+00
   3681.31;  0.337468E+03;  0.118334E+06;  0.430651E+00;  0.210881E-03;  0.360749E+00;  0.815949E-01;  0.557656E+00;  0.270432E+00;  0.175915E+00;  0.553653E+00
   3691.31;  0.337565E+03;  0.118357E+06;  0.417600E+00;  0.210860E-03;  0.363601E+00;  0.786951E-01;  0.557703E+00;  0.272961E+00;  0.171861E+00;  0.555178E+00
   3701.31;  0.337666E+03;  0.118380E+06;  0.404542E+00;  0.210839E-03;  0.366527E+00;  0.757459E-01;  0.557727E+00;  0.275576E+00;  0.167680E+00;  0.556744E+00
   3711.31;  0.337773E+03;  0.118406E+06;  0.391473E+00;  0.210818E-03;  0.369564E+00;  0.727481E-01;  0.557688E+00;  0.278340E+00;  0.163323E+00;  0.558337E+00
   3721.31;  0.337890E+03;  0.118435E+06;  0.378383E+00;  0.210798E-03;  0.372805E+00;  0.697030E-01;  0.557492E+00;  0.281404E+00;  0.158670E+00;  0.559926E+00
   3731.31;  0.338012E+03;  0.118467E+06;  0.365282E+00;  0.210778E-03;  0.376160E+00;  0.666091E-01;  0.557231E+00;  0.284620E+00;  0.153839E+00;  0.561541E+00
   3741.31;  0.338140E+03;  0.118501E+06;  0.352169E+00;  0.210758E-03;  0.379629E+00;  0.634666E-01;  0.556905E+00;  0.287988E+00;  0.148829E+00;  0.563184E+00
   3751.31;  0.338274E+03;  0.118536E+06;  0.339045E+00;  0.210738E-03;  0.383210E+00;  0.602754E-01;  0.556514E+00;  0.291507E+00;  0.143640E+00;  0.564852E+00
   3761.31;  0.338413E+03;  0.118573E+06;  0.325909E+00;  0.210717E-03;  0.386906E+00;  0.570356E-01;  0.556059E+00;  0.295179E+00;  0.138273E+00;  0.566548E+00
   3771.31;  0.338557E+03;  0.118613E+06;  0.312763E+00;  0.210697E-03;  0.390714E+00;  0.537470E-01;  0.555539E+00;  0.299002E+00;  0.132727E+00;  0.568270E+00
   3781.31;  0.338711E+03;  0.118655E+06;  0.299598E+00;  0.210677E-03;  0.394704E+00;  0.504380E-01;  0.554858E+00;  0.303123E+00;  0.126929E+00;  0.569949E+00
   3791.31;  0.338878E+03;  0.118703E+06;  0.286407E+00;  0.210658E-03;  0.398972E+00;  0.471486E-01;  0.553879E+00;  0.307747E+00;  0.120771E+00;  0.571482E+00
   3801.31;  0.339055E+03;  0.118754E+06;  0.273198E+00;  0.210640E-03;  0.403417E+00;  0.438369E-01;  0.552746E+00;  0.312658E+00;  0.114366E+00;  0.572976E+00
   3811.31;  0.339239E+03;  0.118809E+06;  0.259972E+00;  0.210622E-03;  0.408038E+00;  0.405026E-01;  0.551460E+00;  0.317856E+00;  0.107713E+00;  0.574431E+00
   3821.31;  0.339433E+03;  0.118867E+06;  0.246728E+00;  0.210604E-03;  0.412835E+00;  0.371460E-01;  0.550019E+00;  0.323341E+00;  0.100812E+00;  0.575846E+00
   3831.31;  0.339635E+03;  0.118928E+06;  0.233467E+00;  0.210587E-03;  0.417809E+00;  0.337668E-01;  0.548424E+00;  0.329113E+00;  0.936640E-01;  0.577223E+00
   3841.31;  0.339848E+03;  0.118996E+06;  0.220173E+00;  0.210576E-03;  0.423098E+00;  0.304696E-01;  0.546432E+00;  0.335434E+00;  0.863736E-01;  0.578192E+00
   3851.31;  0.340070E+03;  0.119071E+06;  0.206848E+00;  0.210571E-03;  0.428688E+00;  0.272436E-01;  0.544069E+00;  0.342277E+00;  0.789302E-01;  0.578793E+00
   3861.31;  0.340302E+03;  0.119152E+06;  0.193498E+00;  0.210570E-03;  0.434531E+00;  0.240537E-01;  0.541415E+00;  0.349554E+00;  0.712984E-01;  0.579148E+00
   3871.31;  0.340544E+03;  0.119238E+06;  0.180120E+00;  0.210572E-03;  0.440629E+00;  0.209000E-01;  0.538471E+00;  0.357264E+00;  0.634783E-01;  0.579258E+00
   3881.31;  0.340793E+03;  0.119330E+06;  0.166712E+00;  0.210581E-03;  0.447074E+00;  0.178521E-01;  0.535074E+00;  0.365578E+00;  0.556296E-01;  0.578792E+00
   3891.31;  0.341046E+03;  0.119429E+06;  0.153261E+00;  0.210600E-03;  0.454031E+00;  0.150343E-01;  0.530935E+00;  0.374798E+00;  0.480368E-01;  0.577165E+00
   3901.31;  0.341305E+03;  0.119535E+06;  0.139776E+00;  0.210626E-03;  0.461377E+00;  0.123545E-01;  0.526268E+00;  0.384699E+00;  0.404892E-01;  0.574812E+00
   3911.31;  0.341571E+03;  0.119647E+06;  0.126256E+00;  0.210660E-03;  0.469113E+00;  0.981287E-02;  0.521074E+00;  0.395282E+00;  0.329870E-01;  0.571731E+00
   3921.31;  0.341831E+03;  0.119759E+06;  0.112694E+00;  0.210696E-03;  0.477565E+00;  0.756582E-02;  0.514870E+00;  0.406971E+00;  0.261204E-01;  0.566909E+00
   3931.31;  0.342089E+03;  0.119872E+06;  0.990931E-01;  0.210736E-03;  0.486626E+00;  0.556284E-02;  0.507811E+00;  0.419629E+00;  0.196988E-01;  0.560673E+00
   3941.31;  0.342345E+03;  0.119986E+06;  0.854530E-01;  0.210779E-03;  0.496354E+00;  0.380726E-02;  0.499839E+00;  0.433327E+00;  0.137651E-01;  0.552907E+00
   3951.31;  0.342579E+03;  0.120088E+06;  0.717763E-01;  0.210814E-03;  0.507397E+00;  0.241991E-02;  0.490183E+00;  0.448904E+00;  0.901853E-02;  0.542078E+00
   3961.31;  0.342800E+03;  0.120184E+06;  0.580622E-01;  0.210846E-03;  0.519516E+00;  0.135306E-02;  0.479131E+00;  0.466047E+00;  0.518475E-02;  0.528768E+00
   3971.31;  0.343002E+03;  0.120260E+06;  0.443213E-01;  0.210856E-03;  0.533816E+00;  0.613571E-03;  0.465570E+00;  0.486256E+00;  0.244379E-02;  0.511301E+00
   3981.31;  0.343186E+03;  0.120319E+06;  0.305530E-01;  0.210846E-03;  0.550649E+00;  0.187923E-03;  0.449163E+00;  0.510042E+00;  0.753443E-03;  0.489205E+00
   3991.31;  0.343355E+03;  0.120358E+06;  0.167658E-01;  0.210810E-03;  0.573335E+00;  0.174947E-04;  0.426647E+00;  0.542108E+00;  0.762685E-04;  0.457816E+00
   4000.00;  0.343506E+03;  0.120377E+06;  0.476820E-02;  0.210751E-03;  0.605521E+00;  0.453312E-07;  0.394479E+00;  0.587653E+00;  0.212719E-06;  0.412347E+00
